fy,abbr,state,County,County 2,"County, State",Local Board,type,count,aveWage,MedianWageByCounty
FY 2025,AL,Alabama,* State Total,* State Total,"* State Total, AL",State,Active Apprentices,4339,17.76319332,16.77
FY 2025,AK,Alaska,* State Total,* State Total,"* State Total, AK",State,Active Apprentices,2316,23.54060225,23.21
FY 2025,AS,American Samoa,* State Total,* State Total,"* State Total, AS",State,Active Apprentices,1,7.25,7.25
FY 2025,AZ,Arizona,* State Total,* State Total,"* State Total, AZ",State,Active Apprentices,8641,19.96839146,18.94
FY 2025,AR,Arkansas,* State Total,* State Total,"* State Total, AR",State,Active Apprentices,10679,16.02145808,15
FY 2025,CA,California,* State Total,* State Total,"* State Total, CA",State,Active Apprentices,77774,22.01035805,20.79
FY 2025,CO,Colorado,* State Total,* State Total,"* State Total, CO",State,Active Apprentices,8036,21.66308631,20
FY 2025,CT,Connecticut,* State Total,* State Total,"* State Total, CT",State,Active Apprentices,6583,27.27514706,20.39
FY 2025,DE,Delaware,* State Total,* State Total,"* State Total, DE",State,Active Apprentices,1751,18.53672858,17.93
FY 2025,DC,District of Columbia,* State Total,* State Total,"* State Total, DC",State,Active Apprentices,1931,22.70836164,18.94
FY 2025,FL,Florida,* State Total,* State Total,"* State Total, FL",State,New Apprentices,9726,21.72965659,20
FY 2025,FL,Florida,* State Total,* State Total,"* State Total, FL",State,Active Apprentices,19746,20.51916074,19
FY 2025,FL,Florida,* State Total,* State Total,"* State Total, FL",State,Completer Apprentices,3312,29.558987,29.675
FY 2024,FL,Florida,* State Total,* State Total,"* State Total, FL",State,New Apprentices,9414,20.94412348,19.37
FY 2024,FL,Florida,* State Total,* State Total,"* State Total, FL",State,Active Apprentices,17971,19.74590884,18
FY 2024,FL,Florida,* State Total,* State Total,"* State Total, FL",State,Completer Apprentices,2378,27.31879645,26.39
FY 2023,FL,Florida,* State Total,* State Total,"* State Total, FL",State,New Apprentices,7248,20.06030752,18.06
FY 2023,FL,Florida,* State Total,* State Total,"* State Total, FL",State,Active Apprentices,14575,18.30905365,17
FY 2023,FL,Florida,* State Total,* State Total,"* State Total, FL",State,Completer Apprentices,2218,26.81320202,25.98
FY 2022,FL,Florida,* State Total,* State Total,"* State Total, FL",State,New Apprentices,5823,17.65566021,16.35
FY 2022,FL,Florida,* State Total,* State Total,"* State Total, FL",State,Active Apprentices,13043,16.71516531,15.5
FY 2022,FL,Florida,* State Total,* State Total,"* State Total, FL",State,Completer Apprentices,2100,24.75388945,23.77
FY 2025,GA,Georgia,* State Total,* State Total,"* State Total, GA",State,Active Apprentices,9405,18.02654222,17
FY 2025,GU,Guam,* State Total,* State Total,"* State Total, GU",State,Active Apprentices,745,13.69540146,13.87
FY 2025,HI,Hawaii,* State Total,* State Total,"* State Total, HI",State,Active Apprentices,6031,20.23978776,20.2
FY 2025,ID,Idaho,* State Total,* State Total,"* State Total, ID",State,Active Apprentices,3871,18.54760696,16.03
FY 2025,IL,Illinois,* State Total,* State Total,"* State Total, IL",State,New Apprentices,8970,24.47752983,22.8
FY 2025,IL,Illinois,* State Total,* State Total,"* State Total, IL",State,Active Apprentices,23720,23.11639683,22
FY 2025,IL,Illinois,* State Total,* State Total,"* State Total, IL",State,Completer Apprentices,3794,43.73879617,46
FY 2024,IL,Illinois,* State Total,* State Total,"* State Total, IL",State,New Apprentices,8640,22.95064186,21.73
FY 2024,IL,Illinois,* State Total,* State Total,"* State Total, IL",State,Active Apprentices,21828,22.39340817,21.2
FY 2024,IL,Illinois,* State Total,* State Total,"* State Total, IL",State,Completer Apprentices,3945,43.99906266,48.9
FY 2023,IL,Illinois,* State Total,* State Total,"* State Total, IL",State,New Apprentices,7865,22.7760916,21.2
FY 2023,IL,Illinois,* State Total,* State Total,"* State Total, IL",State,Active Apprentices,20578,21.7600113,20.75
FY 2023,IL,Illinois,* State Total,* State Total,"* State Total, IL",State,Completer Apprentices,3741,44.55921264,48.45
FY 2022,IL,Illinois,* State Total,* State Total,"* State Total, IL",State,New Apprentices,7791,21.76457158,20.8
FY 2022,IL,Illinois,* State Total,* State Total,"* State Total, IL",State,Active Apprentices,3344,44.08619697,46.7
FY 2022,IL,Illinois,* State Total,* State Total,"* State Total, IL",State,Completer Apprentices,19322,21.12928313,20
FY 2025,IN,Indiana,* State Total,* State Total,"* State Total, IN",State,Active Apprentices,25250,17.77522237,18
FY 2025,IA,Iowa,* State Total,* State Total,"* State Total, IA",State,Active Apprentices,9541,20.03372982,18
FY 2025,KS,Kansas,* State Total,* State Total,"* State Total, KS",State,Active Apprentices,3077,19.72947648,18.42
FY 2025,KY,Kentucky,* State Total,* State Total,"* State Total, KY",State,Active Apprentices,7554,19.41306556,18.45
FY 2025,KY,Kentucky,* State Total,* State Total,"* State Total, KY",State,New Apprentices,906,20.79098174,20
FY 2025,KY,Kentucky,* State Total,* State Total,"* State Total, KY",State,Completer Apprentices,222,29.59509346,27.95
FY 2024,KY,Kentucky,* State Total,* State Total,"* State Total, KY",State,Active Apprentices,7370,19.22989397,18.04
FY 2024,KY,Kentucky,* State Total,* State Total,"* State Total, KY",State,New Apprentices,3662,20.42374472,19.55
FY 2024,KY,Kentucky,* State Total,* State Total,"* State Total, KY",State,Completer Apprentices,940,30.16599307,30.04
FY 2023,KY,Kentucky,* State Total,* State Total,"* State Total, KY",State,Active Apprentices,6659,18.41460385,17.5
FY 2023,KY,Kentucky,* State Total,* State Total,"* State Total, KY",State,New Apprentices,3583,18.88418806,18
FY 2023,KY,Kentucky,* State Total,* State Total,"* State Total, KY",State,Completer Apprentices,1044,29.19638889,29.42
FY 2022,KY,Kentucky,* State Total,* State Total,"* State Total, KY",State,Active Apprentices,5725,17.92851785,16.82
FY 2022,KY,Kentucky,* State Total,* State Total,"* State Total, KY",State,New Apprentices,3043,18.82346088,17.7
FY 2022,KY,Kentucky,* State Total,* State Total,"* State Total, KY",State,Completer Apprentices,827,29.74548473,30.43
FY 2025,LA,Louisiana,* State Total,* State Total,"* State Total, LA",State,Active Apprentices,3994,16.5148799,15
FY 2025,ME,Maine,* State Total,* State Total,"* State Total, ME",State,Active Apprentices,1406,20.71361905,19.44
FY 2025,MD,Maryland,* State Total,* State Total,"* State Total, MD",State,Active Apprentices,21033,19.65262967,20.43
FY 2025,MD,Maryland,* State Total,* State Total,"* State Total, MD",State,New Apprentices,3675,21.31818425,22.59
FY 2025,MD,Maryland,* State Total,* State Total,"* State Total, MD",State,Completer Apprentices,1681,39.07405195,45
FY 2024,MD,Maryland,* State Total,* State Total,"* State Total, MD",State,Active Apprentices,20534,18.7784853,18.97
FY 2024,MD,Maryland,* State Total,* State Total,"* State Total, MD",State,New Apprentices,8206,19.80810175,20.45
FY 2024,MD,Maryland,* State Total,* State Total,"* State Total, MD",State,Completer Apprentices,3325,37.20944779,38.69
FY 2023,MD,Maryland,* State Total,* State Total,"* State Total, MD",State,Active Apprentices,18195,18.23451451,17.57
FY 2023,MD,Maryland,* State Total,* State Total,"* State Total, MD",State,New Apprentices,7054,19.0088322,19.22
FY 2023,MD,Maryland,* State Total,* State Total,"* State Total, MD",State,Completer Apprentices,3358,36.32131478,37
FY 2022,MD,Maryland,* State Total,* State Total,"* State Total, MD",State,Active Apprentices,17764,17.69751717,17.21
FY 2022,MD,Maryland,* State Total,* State Total,"* State Total, MD",State,New Apprentices,6350,18.60801666,18
FY 2022,MD,Maryland,* State Total,* State Total,"* State Total, MD",State,Completer Apprentices,3474,36.07446252,39.8
FY 2025,MA,Massachusetts,* State Total,* State Total,"* State Total, MA",State,Active Apprentices,9978,21.10490861,21.43
FY 2025,MI,Michigan,* State Total,* State Total,"* State Total, MI",State,Active Apprentices,21346,20.6758943,18.3
FY 2025,MN,Minnesota,* State Total,* State Total,"* State Total, MN",State,Active Apprentices,11244,26.21037293,26.22
FY 2025,MS,Mississippi,* State Total,* State Total,"* State Total, MS",State,Active Apprentices,3612,19.07037975,19.5
FY 2025,MO,Missouri,* State Total,* State Total,"* State Total, MO",State,Active Apprentices,21891,20.51700572,20
FY 2025,MT,Montana,* State Total,* State Total,"* State Total, MT",State,Active Apprentices,2515,20.44371769,20
FY 2025,NE,Nebraska,* State Total,* State Total,"* State Total, NE",State,Active Apprentices,4138,19.6066147,17.05
FY 2025,NV,Nevada,* State Total,* State Total,"* State Total, NV",State,Active Apprentices,6653,21.67052774,20.66
FY 2025,NH,New Hampshire,* State Total,* State Total,"* State Total, NH",State,Active Apprentices,3530,19.66547471,19.55
FY 2025,NJ,New Jersey,* State Total,* State Total,"* State Total, NJ",State,Active Apprentices,9424,22.55085113,20.74
FY 2025,NM,New Mexico,* State Total,* State Total,"* State Total, NM",State,Active Apprentices,2976,19.37353159,17.22
FY 2025,NY,New York,* State Total,* State Total,"* State Total, NY",State,Active Apprentices,18257,20.35816007,18.5
FY 2022,NC,North Carolina,* State Total,* State Total,"* State Total, NC",State,Active Apprentices,10182,15.19,15
FY 2022,NC,North Carolina,* State Total,* State Total,"* State Total, NC",State,Completer Apprentices,1908,25.06,20.58
FY 2022,NC,North Carolina,* State Total,* State Total,"* State Total, NC",State,New Apprentices,5261,16.27,16.02
FY 2023,NC,North Carolina,* State Total,* State Total,"* State Total, NC",State,Active Apprentices,11446,16,15
FY 2023,NC,North Carolina,* State Total,* State Total,"* State Total, NC",State,Completer Apprentices,2592,24.91,20.67
FY 2023,NC,North Carolina,* State Total,* State Total,"* State Total, NC",State,New Apprentices,6331,17.22,16.5
FY 2024,NC,North Carolina,* State Total,* State Total,"* State Total, NC",State,Active Apprentices,11358,16.14,15
FY 2024,NC,North Carolina,* State Total,* State Total,"* State Total, NC",State,Completer Apprentices,2720,24.96,21
FY 2024,NC,North Carolina,* State Total,* State Total,"* State Total, NC",State,New Apprentices,5429,16.68,16
FY 2025,NC,North Carolina,* State Total,* State Total,"* State Total, NC",State,Active Apprentices,10774,16.89,16
FY 2025,NC,North Carolina,* State Total,* State Total,"* State Total, NC",State,Completer Apprentices,2534,25.17,25
FY 2025,NC,North Carolina,* State Total,* State Total,"* State Total, NC",State,New Apprentices,4100,18.81,20
FY 2025,ND,North Dakota,* State Total,* State Total,"* State Total, ND",State,Active Apprentices,1675,20.75503885,18.71
FY 2025,MP,Northern Mariana Islands,* State Total,* State Total,"* State Total, MP",State,Active Apprentices,22,11.74636364,10.655
FY 2025,Not Specified,Not Specified,* State Total,* State Total,"* State Total, Not Specified",State,Active Apprentices,1002,19.17560044,17.25
FY 2025,OH,Ohio,* State Total,* State Total,"* State Total, OH",State,Active Apprentices,25933,19.76627885,18.84
FY 2025,OK,Oklahoma,* State Total,* State Total,"* State Total, OK",State,Active Apprentices,2365,20.36895299,19.13
FY 2025,OR,Oregon,* State Total,* State Total,"* State Total, OR",State,Active Apprentices,10109,24.27217662,23.17
FY 2025,PA,Pennsylvania,* State Total,* State Total,"* State Total, PA",State,Active Apprentices,16331,20.35651658,20.09
FY 2025,PR,Puerto Rico,* State Total,* State Total,"* State Total, PR",State,Active Apprentices,1385,13.6021083,11
FY 2025,RI,Rhode Island,* State Total,* State Total,"* State Total, RI",State,Active Apprentices,2409,20.62513129,20
FY 2025,SC,South Carolina,* State Total,* State Total,"* State Total, SC",State,Active Apprentices,7327,19.21663703,17
FY 2025,SD,South Dakota,* State Total,* State Total,"* State Total, SD",State,Active Apprentices,1461,19.25429958,19
FY 2025,TN,Tennessee,* State Total,* State Total,"* State Total, TN",State,Active Apprentices,11247,18.09153564,17
FY 2025,TX,Texas,* State Total,* State Total,"* State Total, TX",State,Active Apprentices,41016,19.13831032,17.88
FY 2025,TX,Texas,* State Total,* State Total,"* State Total, TX",State,New Apprentices,22950,20.45579045,18.73
FY 2025,TX,Texas,* State Total,* State Total,"* State Total, TX",State,Completer Apprentices,7085,33.12480917,32.27
FY 2024,TX,Texas,* State Total,* State Total,"* State Total, TX",State,Active Apprentices,37157,18.88038145,17.09
FY 2024,TX,Texas,* State Total,* State Total,"* State Total, TX",State,New Apprentices,19620,19.74312474,18
FY 2024,TX,Texas,* State Total,* State Total,"* State Total, TX",State,Completer Apprentices,5572,30.75777044,29.58
FY 2023,TX,Texas,* State Total,* State Total,"* State Total, TX",State,Active Apprentices,31328,18.37046146,16.3
FY 2023,TX,Texas,* State Total,* State Total,"* State Total, TX",State,New Apprentices,18028,19.90243796,17.47
FY 2023,TX,Texas,* State Total,* State Total,"* State Total, TX",State,Completer Apprentices,5448,28.60857315,28.91
FY 2022,TX,Texas,* State Total,* State Total,"* State Total, TX",State,Active Apprentices,25310,17.18624675,15.33
FY 2022,TX,Texas,* State Total,* State Total,"* State Total, TX",State,New Apprentices,12997,18.69143057,16.34
FY 2022,TX,Texas,* State Total,* State Total,"* State Total, TX",State,Completer Apprentices,4111,27.65801062,27.81
FY 2025,USMAP,United Services Military Apprenticeship Program,* State Total,* State Total,"* State Total, USMAP",State,Active Apprentices,117109,-,-
FY 2025,VI,US Virgin Islands,* State Total,* State Total,"* State Total, VI",State,Active Apprentices,69,15.94927536,18
FY 2025,UT,Utah,* State Total,* State Total,"* State Total, UT",State,Active Apprentices,4867,23.57606255,22
FY 2025,VT,Vermont,* State Total,* State Total,"* State Total, VT",State,Active Apprentices,1870,18.98520822,18
FY 2025,VA,Virginia,* State Total,* State Total,"* State Total, VA",State,Active Apprentices,12136,16.92187826,15.82
FY 2025,WA,Washington,* State Total,* State Total,"* State Total, WA",State,Active Apprentices,22292,24.54169404,23
FY 2025,WV,West Virginia,* State Total,* State Total,"* State Total, WV",State,Active Apprentices,3888,17.08678504,16.13
FY 2025,WI,Wisconsin,* State Total,* State Total,"* State Total, WI",State,Active Apprentices,14140,21.5212922,21
FY 2025,WY,Wyoming,* State Total,* State Total,"* State Total, WY",State,Active Apprentices,507,22.42613861,19.02
FY 2025,CA,California,* State Total,* State Total,"* State Total, CA",State,New Apprentices,5325,25.3721813,23.73
FY 2025,MO,Missouri,* State Total,* State Total,"* State Total, MO",State,New Apprentices,3137,20.63023735,20.65
FY 2025,IN,Indiana,* State Total,* State Total,"* State Total, IN",State,New Apprentices,2789,18.22182724,18.89
FY 2025,OH,Ohio,* State Total,* State Total,"* State Total, OH",State,New Apprentices,2283,22.03731507,20.25
FY 2025,MI,Michigan,* State Total,* State Total,"* State Total, MI",State,New Apprentices,1909,21.28499474,19.7
FY 2025,WA,Washington,* State Total,* State Total,"* State Total, WA",State,New Apprentices,1459,25.37211789,23.6
FY 2025,CO,Colorado,* State Total,* State Total,"* State Total, CO",State,New Apprentices,1232,23.06977833,22
FY 2025,GA,Georgia,* State Total,* State Total,"* State Total, GA",State,New Apprentices,1218,19.37115859,18.4
FY 2025,AZ,Arizona,* State Total,* State Total,"* State Total, AZ",State,New Apprentices,1217,21.03261411,20.11
FY 2025,VA,Virginia,* State Total,* State Total,"* State Total, VA",State,New Apprentices,1207,17.75702609,17.39
FY 2025,PA,Pennsylvania,* State Total,* State Total,"* State Total, PA",State,New Apprentices,1144,21.44643094,21.45
FY 2025,IA,Iowa,* State Total,* State Total,"* State Total, IA",State,New Apprentices,1122,21.79852827,20
FY 2025,NJ,New Jersey,* State Total,* State Total,"* State Total, NJ",State,New Apprentices,1120,26.77950584,23
FY 2025,SC,South Carolina,* State Total,* State Total,"* State Total, SC",State,New Apprentices,1104,18.64280522,16
FY 2025,TN,Tennessee,* State Total,* State Total,"* State Total, TN",State,New Apprentices,987,20.35443406,19.6
FY 2025,AR,Arkansas,* State Total,* State Total,"* State Total, AR",State,New Apprentices,976,18.8078342,18
FY 2025,NE,Nebraska,* State Total,* State Total,"* State Total, NE",State,New Apprentices,788,20.93916986,16.66
FY 2025,MS,Mississippi,* State Total,* State Total,"* State Total, MS",State,New Apprentices,712,19.0506867,17.4
FY 2025,WI,Wisconsin,* State Total,* State Total,"* State Total, WI",State,New Apprentices,699,21.76930882,22
FY 2025,MN,Minnesota,* State Total,* State Total,"* State Total, MN",State,New Apprentices,688,28.20543675,28.83
FY 2025,NV,Nevada,* State Total,* State Total,"* State Total, NV",State,New Apprentices,657,23.84284627,23.65
FY 2025,ID,Idaho,* State Total,* State Total,"* State Total, ID",State,New Apprentices,592,20.70861272,19.03
FY 2025,UT,Utah,* State Total,* State Total,"* State Total, UT",State,New Apprentices,567,25.65261023,25
FY 2025,MA,Massachusetts,* State Total,* State Total,"* State Total, MA",State,New Apprentices,515,20.44647186,18
FY 2025,OR,Oregon,* State Total,* State Total,"* State Total, OR",State,New Apprentices,504,23.23334702,20.535
FY 2025,KS,Kansas,* State Total,* State Total,"* State Total, KS",State,New Apprentices,495,20.5022871,18.05
FY 2025,AL,Alabama,* State Total,* State Total,"* State Total, AL",State,New Apprentices,489,18.56724638,17.2
FY 2025,PR,Puerto Rico,* State Total,* State Total,"* State Total, PR",State,New Apprentices,414,12.16144928,11
FY 2025,HI,Hawaii,* State Total,* State Total,"* State Total, HI",State,New Apprentices,345,22.7275942,21.7
FY 2025,NH,New Hampshire,* State Total,* State Total,"* State Total, NH",State,New Apprentices,343,20.71096774,20
FY 2025,ND,North Dakota,* State Total,* State Total,"* State Total, ND",State,New Apprentices,336,17.77446429,14.335
FY 2025,LA,Louisiana,* State Total,* State Total,"* State Total, LA",State,New Apprentices,319,17.29548589,17.05
FY 2025,CT,Connecticut,* State Total,* State Total,"* State Total, CT",State,New Apprentices,309,28.18764706,19.04
FY 2025,RI,Rhode Island,* State Total,* State Total,"* State Total, RI",State,New Apprentices,293,21.84129693,21
FY 2025,AK,Alaska,* State Total,* State Total,"* State Total, AK",State,New Apprentices,292,26.30773973,26
FY 2025,NY,New York,* State Total,* State Total,"* State Total, NY",State,New Apprentices,290,19.91445614,18.5
FY 2025,OK,Oklahoma,* State Total,* State Total,"* State Total, OK",State,New Apprentices,287,23.00299652,22
FY 2025,DC,District of Columbia,* State Total,* State Total,"* State Total, DC",State,New Apprentices,273,27.31546468,25.75
FY 2025,WV,West Virginia,* State Total,* State Total,"* State Total, WV",State,New Apprentices,255,18.33049107,17.53
FY 2025,MT,Montana,* State Total,* State Total,"* State Total, MT",State,New Apprentices,232,21.60603448,20.895
FY 2025,ME,Maine,* State Total,* State Total,"* State Total, ME",State,New Apprentices,224,21.21283105,20
FY 2025,SD,South Dakota,* State Total,* State Total,"* State Total, SD",State,New Apprentices,199,21.40518919,20.5
FY 2025,VT,Vermont,* State Total,* State Total,"* State Total, VT",State,New Apprentices,156,19.65090323,18
FY 2025,DE,Delaware,* State Total,* State Total,"* State Total, DE",State,New Apprentices,146,21.17296296,20.68
FY 2025,GU,Guam,* State Total,* State Total,"* State Total, GU",State,New Apprentices,101,14.28325581,14.01
FY 2025,Not Specified,Not Specified,* State Total,* State Total,"* State Total, Not Specified",State,New Apprentices,79,17.54971831,17.125
FY 2025,NM,New Mexico,* State Total,* State Total,"* State Total, NM",State,New Apprentices,71,30.3184507,29.23
FY 2025,WY,Wyoming,* State Total,* State Total,"* State Total, WY",State,New Apprentices,52,27.6478,24.95
FY 2025,USMAP,United Services Military Apprenticeship Program,* State Total,* State Total,"* State Total, USMAP",State,New Apprentices,16034,-,-
FY 2025,VI,US Virgin Islands,* State Total,* State Total,"* State Total, VI",State,New Apprentices,1,10.5,10.5
FY 2025,MP,Northern Mariana Islands,* State Total,* State Total,"* State Total, MP",State,New Apprentices,1,13.5,13.5
FY 2025,CA,California,* State Total,* State Total,"* State Total, CA",State,Completer Apprentices,2938,46.79157353,46.88
FY 2025,MO,Missouri,* State Total,* State Total,"* State Total, MO",State,Completer Apprentices,1376,30.06667325,25
FY 2025,OH,Ohio,* State Total,* State Total,"* State Total, OH",State,Completer Apprentices,990,34.93780541,33.39
FY 2025,WA,Washington,* State Total,* State Total,"* State Total, WA",State,Completer Apprentices,917,34.82723799,31.25
FY 2025,PA,Pennsylvania,* State Total,* State Total,"* State Total, PA",State,Completer Apprentices,839,35.99357388,24.03
FY 2025,MI,Michigan,* State Total,* State Total,"* State Total, MI",State,Completer Apprentices,789,32.18371173,31.88
FY 2025,IN,Indiana,* State Total,* State Total,"* State Total, IN",State,Completer Apprentices,716,30.85083095,29.92
FY 2025,NJ,New Jersey,* State Total,* State Total,"* State Total, NJ",State,Completer Apprentices,665,36.44326778,39.29
FY 2025,VA,Virginia,* State Total,* State Total,"* State Total, VA",State,Completer Apprentices,601,20.69604853,18
FY 2025,IA,Iowa,* State Total,* State Total,"* State Total, IA",State,Completer Apprentices,531,27.93900794,27.48
FY 2025,TN,Tennessee,* State Total,* State Total,"* State Total, TN",State,Completer Apprentices,510,25.77615546,26.67
FY 2025,MN,Minnesota,* State Total,* State Total,"* State Total, MN",State,Completer Apprentices,472,41.7724838,42.95
FY 2025,GA,Georgia,* State Total,* State Total,"* State Total, GA",State,Completer Apprentices,463,27.48396104,29.45
FY 2025,SC,South Carolina,* State Total,* State Total,"* State Total, SC",State,Completer Apprentices,428,26.34179803,22
FY 2025,OR,Oregon,* State Total,* State Total,"* State Total, OR",State,Completer Apprentices,401,45.09628788,45.8
FY 2025,NE,Nebraska,* State Total,* State Total,"* State Total, NE",State,Completer Apprentices,401,35.0772796,23.73
FY 2025,WI,Wisconsin,* State Total,* State Total,"* State Total, WI",State,Completer Apprentices,348,37.22729885,38.345
FY 2025,AR,Arkansas,* State Total,* State Total,"* State Total, AR",State,Completer Apprentices,309,31.24566225,25
FY 2025,AZ,Arizona,* State Total,* State Total,"* State Total, AZ",State,Completer Apprentices,303,32.88865248,32
FY 2025,MA,Massachusetts,* State Total,* State Total,"* State Total, MA",State,Completer Apprentices,302,32.65538922,27
FY 2025,UT,Utah,* State Total,* State Total,"* State Total, UT",State,Completer Apprentices,278,35.7692446,35.3
FY 2025,CO,Colorado,* State Total,* State Total,"* State Total, CO",State,Completer Apprentices,278,31.99741803,31.34
FY 2025,NV,Nevada,* State Total,* State Total,"* State Total, NV",State,Completer Apprentices,215,40.54953488,39.5
FY 2025,AL,Alabama,* State Total,* State Total,"* State Total, AL",State,Completer Apprentices,176,26.43964912,25.4
FY 2025,MS,Mississippi,* State Total,* State Total,"* State Total, MS",State,Completer Apprentices,161,26.32691781,21.23
FY 2025,HI,Hawaii,* State Total,* State Total,"* State Total, HI",State,Completer Apprentices,161,47.37322981,52.83
FY 2025,ID,Idaho,* State Total,* State Total,"* State Total, ID",State,Completer Apprentices,139,27.3313913,24
FY 2025,OK,Oklahoma,* State Total,* State Total,"* State Total, OK",State,Completer Apprentices,137,41.27715328,43.31
FY 2025,NY,New York,* State Total,* State Total,"* State Total, NY",State,Completer Apprentices,132,25.86306452,22.18
FY 2025,RI,Rhode Island,* State Total,* State Total,"* State Total, RI",State,Completer Apprentices,115,32.59225225,30
FY 2025,AK,Alaska,* State Total,* State Total,"* State Total, AK",State,Completer Apprentices,114,39.65754386,40.53
FY 2025,WV,West Virginia,* State Total,* State Total,"* State Total, WV",State,Completer Apprentices,111,26.10421569,28.4
FY 2025,KS,Kansas,* State Total,* State Total,"* State Total, KS",State,Completer Apprentices,110,30.35775281,25.86
FY 2025,CT,Connecticut,* State Total,* State Total,"* State Total, CT",State,Completer Apprentices,104,28.47909091,22
FY 2025,NH,New Hampshire,* State Total,* State Total,"* State Total, NH",State,Completer Apprentices,98,26.5321875,25
FY 2025,ME,Maine,* State Total,* State Total,"* State Total, ME",State,Completer Apprentices,96,28.59947368,26.88
FY 2025,LA,Louisiana,* State Total,* State Total,"* State Total, LA",State,Completer Apprentices,77,21.6325974,23
FY 2025,SD,South Dakota,* State Total,* State Total,"* State Total, SD",State,Completer Apprentices,63,35.73898305,35.75
FY 2025,MT,Montana,* State Total,* State Total,"* State Total, MT",State,Completer Apprentices,56,33.37821429,31.25
FY 2025,DC,District of Columbia,* State Total,* State Total,"* State Total, DC",State,Completer Apprentices,56,30.56462963,28.91
FY 2025,DE,Delaware,* State Total,* State Total,"* State Total, DE",State,Completer Apprentices,54,35.73056604,37.08
FY 2025,ND,North Dakota,* State Total,* State Total,"* State Total, ND",State,Completer Apprentices,51,39.27196078,33.1
FY 2025,PR,Puerto Rico,* State Total,* State Total,"* State Total, PR",State,Completer Apprentices,49,27.17265306,24.14
FY 2025,VT,Vermont,* State Total,* State Total,"* State Total, VT",State,Completer Apprentices,43,32.13488372,29
FY 2025,NM,New Mexico,* State Total,* State Total,"* State Total, NM",State,Completer Apprentices,40,43.63275,42.17
FY 2025,GU,Guam,* State Total,* State Total,"* State Total, GU",State,Completer Apprentices,23,22.86869565,22.3
FY 2025,Not Specified,Not Specified,* State Total,* State Total,"* State Total, Not Specified",State,Completer Apprentices,20,30.484,22
FY 2025,WY,Wyoming,* State Total,* State Total,"* State Total, WY",State,Completer Apprentices,17,36.60294118,34
FY 2025,MP,Northern Mariana Islands,* State Total,* State Total,"* State Total, MP",State,Completer Apprentices,8,13.545,12
FY 2025,USMAP,United Services Military Apprenticeship Program,* State Total,* State Total,"* State Total, USMAP",State,Completer Apprentices,6562,-,-
FY 2025,VI,US Virgin Islands,* State Total,* State Total,"* State Total, VI",State,Completer Apprentices,2,35,35
FY 2024,USMAP,United Services Military Apprenticeship Program,* State Total,* State Total,"* State Total, USMAP",State,Active Apprentices,119786,-,-
FY 2024,CA,California,* State Total,* State Total,"* State Total, CA",State,Active Apprentices,79024,21.94020844,20.65
FY 2024,OH,Ohio,* State Total,* State Total,"* State Total, OH",State,Active Apprentices,25983,19.5993345,18.74
FY 2024,IN,Indiana,* State Total,* State Total,"* State Total, IN",State,Active Apprentices,25028,17.70319532,17.9
FY 2024,WA,Washington,* State Total,* State Total,"* State Total, WA",State,Active Apprentices,22336,24.38207492,23
FY 2024,MO,Missouri,* State Total,* State Total,"* State Total, MO",State,Active Apprentices,22168,20.43351313,19.8
FY 2024,MI,Michigan,* State Total,* State Total,"* State Total, MI",State,Active Apprentices,21143,20.54853484,18.13
FY 2024,NY,New York,* State Total,* State Total,"* State Total, NY",State,Active Apprentices,18116,20.59095037,18.5
FY 2024,PA,Pennsylvania,* State Total,* State Total,"* State Total, PA",State,Active Apprentices,16578,20.23105984,20
FY 2024,WI,Wisconsin,* State Total,* State Total,"* State Total, WI",State,Active Apprentices,14275,21.41736164,20.69
FY 2024,VA,Virginia,* State Total,* State Total,"* State Total, VA",State,Active Apprentices,12165,16.68931828,15
FY 2024,MN,Minnesota,* State Total,* State Total,"* State Total, MN",State,Active Apprentices,11584,26.03203425,26.16
FY 2024,TN,Tennessee,* State Total,* State Total,"* State Total, TN",State,Active Apprentices,11372,17.79538162,16.63
FY 2024,AR,Arkansas,* State Total,* State Total,"* State Total, AR",State,Active Apprentices,10449,16.14989303,15
FY 2024,OR,Oregon,* State Total,* State Total,"* State Total, OR",State,Active Apprentices,10398,24.30892084,23.17
FY 2024,MA,Massachusetts,* State Total,* State Total,"* State Total, MA",State,Active Apprentices,9848,21.11652406,21.48
FY 2024,IA,Iowa,* State Total,* State Total,"* State Total, IA",State,Active Apprentices,9600,19.7984219,18
FY 2024,NJ,New Jersey,* State Total,* State Total,"* State Total, NJ",State,Active Apprentices,9542,22.33249473,20.25
FY 2024,GA,Georgia,* State Total,* State Total,"* State Total, GA",State,Active Apprentices,9040,17.81835194,17
FY 2024,AZ,Arizona,* State Total,* State Total,"* State Total, AZ",State,Active Apprentices,8273,19.7267391,18.52
FY 2024,CO,Colorado,* State Total,* State Total,"* State Total, CO",State,Active Apprentices,7624,21.50218455,20
FY 2024,SC,South Carolina,* State Total,* State Total,"* State Total, SC",State,Active Apprentices,6993,19.35710323,17
FY 2024,NV,Nevada,* State Total,* State Total,"* State Total, NV",State,Active Apprentices,6646,21.58139223,20.18
FY 2024,CT,Connecticut,* State Total,* State Total,"* State Total, CT",State,Active Apprentices,6422,26.70730159,20
FY 2024,HI,Hawaii,* State Total,* State Total,"* State Total, HI",State,Active Apprentices,6074,20.14291735,20.03
FY 2024,UT,Utah,* State Total,* State Total,"* State Total, UT",State,Active Apprentices,4875,23.24725579,21.85
FY 2024,AL,Alabama,* State Total,* State Total,"* State Total, AL",State,Active Apprentices,4221,17.68315664,16.56
FY 2024,NE,Nebraska,* State Total,* State Total,"* State Total, NE",State,Active Apprentices,4207,19.91436678,16.95
FY 2024,WV,West Virginia,* State Total,* State Total,"* State Total, WV",State,Active Apprentices,4115,16.67942604,16.13
FY 2024,LA,Louisiana,* State Total,* State Total,"* State Total, LA",State,Active Apprentices,4081,16.75441613,15
FY 2024,ID,Idaho,* State Total,* State Total,"* State Total, ID",State,Active Apprentices,3661,18.14810475,15.51
FY 2024,MS,Mississippi,* State Total,* State Total,"* State Total, MS",State,Active Apprentices,3548,18.90928736,20
FY 2024,NH,New Hampshire,* State Total,* State Total,"* State Total, NH",State,Active Apprentices,3427,19.46295087,19.55
FY 2024,NM,New Mexico,* State Total,* State Total,"* State Total, NM",State,Active Apprentices,2980,19.33332886,17.22
FY 2024,KS,Kansas,* State Total,* State Total,"* State Total, KS",State,Active Apprentices,2861,19.5441192,18.42
FY 2024,MT,Montana,* State Total,* State Total,"* State Total, MT",State,Active Apprentices,2436,20.32424466,19.08
FY 2024,RI,Rhode Island,* State Total,* State Total,"* State Total, RI",State,Active Apprentices,2365,20.37173182,19.56
FY 2024,OK,Oklahoma,* State Total,* State Total,"* State Total, OK",State,Active Apprentices,2341,20.33116149,18.93
FY 2024,AK,Alaska,* State Total,* State Total,"* State Total, AK",State,Active Apprentices,2256,23.08293149,23
FY 2024,DC,District of Columbia,* State Total,* State Total,"* State Total, DC",State,Active Apprentices,1806,21.80549941,18.28
FY 2024,VT,Vermont,* State Total,* State Total,"* State Total, VT",State,Active Apprentices,1796,19.05737613,18
FY 2024,DE,Delaware,* State Total,* State Total,"* State Total, DE",State,Active Apprentices,1702,18.32500307,17.6
FY 2024,ND,North Dakota,* State Total,* State Total,"* State Total, ND",State,Active Apprentices,1532,21.32820261,19
FY 2024,SD,South Dakota,* State Total,* State Total,"* State Total, SD",State,Active Apprentices,1461,19.25579491,19
FY 2024,ME,Maine,* State Total,* State Total,"* State Total, ME",State,Active Apprentices,1378,20.58684604,19.28
FY 2024,PR,Puerto Rico,* State Total,* State Total,"* State Total, PR",State,Active Apprentices,1094,14.05201097,11.17
FY 2024,Not Specified,Not Specified,* State Total,* State Total,"* State Total, Not Specified",State,Active Apprentices,977,19.19110122,17
FY 2024,GU,Guam,* State Total,* State Total,"* State Total, GU",State,Active Apprentices,700,13.62158779,13.775
FY 2024,WY,Wyoming,* State Total,* State Total,"* State Total, WY",State,Active Apprentices,505,21.86522772,19.02
FY 2024,AS,American Samoa,* State Total,* State Total,"* State Total, AS",State,Active Apprentices,133,7.25,7.25
FY 2024,VI,US Virgin Islands,* State Total,* State Total,"* State Total, VI",State,Active Apprentices,70,16.28571429,18
FY 2024,MP,Northern Mariana Islands,* State Total,* State Total,"* State Total, MP",State,Active Apprentices,30,11.80533333,10.25
FY 2024,USMAP,United Services Military Apprenticeship Program,* State Total,* State Total,"* State Total, USMAP",State,New Apprentices,63653,-,-
FY 2024,CA,California,* State Total,* State Total,"* State Total, CA",State,New Apprentices,27879,24.30190818,22.97
FY 2024,MO,Missouri,* State Total,* State Total,"* State Total, MO",State,New Apprentices,14132,20.71698928,20.5
FY 2024,IN,Indiana,* State Total,* State Total,"* State Total, IN",State,New Apprentices,11709,18.93447181,19.71
FY 2024,OH,Ohio,* State Total,* State Total,"* State Total, OH",State,New Apprentices,11577,20.88717175,20
FY 2024,WA,Washington,* State Total,* State Total,"* State Total, WA",State,New Apprentices,9094,24.66821091,22.32
FY 2024,MI,Michigan,* State Total,* State Total,"* State Total, MI",State,New Apprentices,8764,21.18583629,19.34
FY 2024,VA,Virginia,* State Total,* State Total,"* State Total, VA",State,New Apprentices,6196,16.53845502,15
FY 2024,PA,Pennsylvania,* State Total,* State Total,"* State Total, PA",State,New Apprentices,6190,21.73288067,21.45
FY 2024,TN,Tennessee,* State Total,* State Total,"* State Total, TN",State,New Apprentices,5613,18.22158567,17.26
FY 2024,NY,New York,* State Total,* State Total,"* State Total, NY",State,New Apprentices,5435,20.03777372,18.5
FY 2024,WI,Wisconsin,* State Total,* State Total,"* State Total, WI",State,New Apprentices,5268,22.21333397,22
FY 2024,AR,Arkansas,* State Total,* State Total,"* State Total, AR",State,New Apprentices,4968,18.49452662,16
FY 2024,AZ,Arizona,* State Total,* State Total,"* State Total, AZ",State,New Apprentices,4693,20.07600217,19
FY 2024,NJ,New Jersey,* State Total,* State Total,"* State Total, NJ",State,New Apprentices,4497,23.75915581,21.32
FY 2024,GA,Georgia,* State Total,* State Total,"* State Total, GA",State,New Apprentices,4473,18.93530177,18.14
FY 2024,MN,Minnesota,* State Total,* State Total,"* State Total, MN",State,New Apprentices,4418,28.03729455,27.53
FY 2024,IA,Iowa,* State Total,* State Total,"* State Total, IA",State,New Apprentices,4371,20.01773186,18
FY 2024,SC,South Carolina,* State Total,* State Total,"* State Total, SC",State,New Apprentices,4254,19.41243322,17
FY 2024,OR,Oregon,* State Total,* State Total,"* State Total, OR",State,New Apprentices,4063,25.057135,23.17
FY 2024,CO,Colorado,* State Total,* State Total,"* State Total, CO",State,New Apprentices,3865,22.71146296,21
FY 2024,CT,Connecticut,* State Total,* State Total,"* State Total, CT",State,New Apprentices,3574,30.2730597,19.04
FY 2024,NE,Nebraska,* State Total,* State Total,"* State Total, NE",State,New Apprentices,3323,19.86939017,16.66
FY 2024,MA,Massachusetts,* State Total,* State Total,"* State Total, MA",State,New Apprentices,3287,21.16799932,20.64
FY 2024,NV,Nevada,* State Total,* State Total,"* State Total, NV",State,New Apprentices,2801,20.71067119,19.47
FY 2024,MS,Mississippi,* State Total,* State Total,"* State Total, MS",State,New Apprentices,2747,17.97128864,15.55
FY 2024,UT,Utah,* State Total,* State Total,"* State Total, UT",State,New Apprentices,2436,23.11950956,22.06
FY 2024,AL,Alabama,* State Total,* State Total,"* State Total, AL",State,New Apprentices,2359,18.2615421,17.5
FY 2024,ID,Idaho,* State Total,* State Total,"* State Total, ID",State,New Apprentices,2133,19.40784591,16.15
FY 2024,LA,Louisiana,* State Total,* State Total,"* State Total, LA",State,New Apprentices,2052,19.37585749,17
FY 2024,WV,West Virginia,* State Total,* State Total,"* State Total, WV",State,New Apprentices,2029,17.73374278,16.52
FY 2024,HI,Hawaii,* State Total,* State Total,"* State Total, HI",State,New Apprentices,1774,22.54771139,21.2
FY 2024,KS,Kansas,* State Total,* State Total,"* State Total, KS",State,New Apprentices,1723,20.29778137,19
FY 2024,NH,New Hampshire,* State Total,* State Total,"* State Total, NH",State,New Apprentices,1595,20.30183153,20
FY 2024,NM,New Mexico,* State Total,* State Total,"* State Total, NM",State,New Apprentices,1196,20.2566806,17.26
FY 2024,OK,Oklahoma,* State Total,* State Total,"* State Total, OK",State,New Apprentices,1165,20.81998267,20
FY 2024,AK,Alaska,* State Total,* State Total,"* State Total, AK",State,New Apprentices,1098,24.50899727,25
FY 2024,RI,Rhode Island,* State Total,* State Total,"* State Total, RI",State,New Apprentices,1054,21.60715105,20.385
FY 2024,MT,Montana,* State Total,* State Total,"* State Total, MT",State,New Apprentices,1034,22.23142166,21.38
FY 2024,ND,North Dakota,* State Total,* State Total,"* State Total, ND",State,New Apprentices,921,20.25095548,18.47
FY 2024,SD,South Dakota,* State Total,* State Total,"* State Total, SD",State,New Apprentices,902,19.61376682,19.88
FY 2024,ME,Maine,* State Total,* State Total,"* State Total, ME",State,New Apprentices,863,21.97610778,20.41
FY 2024,PR,Puerto Rico,* State Total,* State Total,"* State Total, PR",State,New Apprentices,830,14.51363855,11.17
FY 2024,VT,Vermont,* State Total,* State Total,"* State Total, VT",State,New Apprentices,819,19.69759804,19
FY 2024,DC,District of Columbia,* State Total,* State Total,"* State Total, DC",State,New Apprentices,769,22.71516547,19.84
FY 2024,DE,Delaware,* State Total,* State Total,"* State Total, DE",State,New Apprentices,588,19.58206522,18.77
FY 2024,Not Specified,Not Specified,* State Total,* State Total,"* State Total, Not Specified",State,New Apprentices,488,19.86207048,18.6
FY 2024,GU,Guam,* State Total,* State Total,"* State Total, GU",State,New Apprentices,341,13.83284848,14
FY 2024,WY,Wyoming,* State Total,* State Total,"* State Total, WY",State,New Apprentices,284,23.97517606,20.88
FY 2024,VI,US Virgin Islands,* State Total,* State Total,"* State Total, VI",State,New Apprentices,34,18,18
FY 2024,MP,Northern Mariana Islands,* State Total,* State Total,"* State Total, MP",State,New Apprentices,2,14.75,14.75
FY 2024,USMAP,United Services Military Apprenticeship Program,* State Total,* State Total,"* State Total, USMAP",State,Completer Apprentices,22797,-,-
FY 2024,CA,California,* State Total,* State Total,"* State Total, CA",State,Completer Apprentices,12812,43.66176531,44.38
FY 2024,PA,Pennsylvania,* State Total,* State Total,"* State Total, PA",State,Completer Apprentices,4303,37.86548676,31
FY 2024,MO,Missouri,* State Total,* State Total,"* State Total, MO",State,Completer Apprentices,4021,33.71660312,31.61
FY 2024,WA,Washington,* State Total,* State Total,"* State Total, WA",State,Completer Apprentices,3609,34.99291746,34.34
FY 2024,OH,Ohio,* State Total,* State Total,"* State Total, OH",State,Completer Apprentices,3531,34.55995796,34.4
FY 2024,IN,Indiana,* State Total,* State Total,"* State Total, IN",State,Completer Apprentices,2660,31.88756925,32.26
FY 2024,MI,Michigan,* State Total,* State Total,"* State Total, MI",State,Completer Apprentices,2614,33.18761503,33.83
FY 2024,VA,Virginia,* State Total,* State Total,"* State Total, VA",State,Completer Apprentices,2329,22.65314235,20
FY 2024,NJ,New Jersey,* State Total,* State Total,"* State Total, NJ",State,Completer Apprentices,2286,36.27891156,38.96
FY 2024,TN,Tennessee,* State Total,* State Total,"* State Total, TN",State,Completer Apprentices,2222,26.24888334,25.18
FY 2024,OR,Oregon,* State Total,* State Total,"* State Total, OR",State,Completer Apprentices,2102,45.83997111,45.8
FY 2024,WI,Wisconsin,* State Total,* State Total,"* State Total, WI",State,Completer Apprentices,2075,36.6248291,37.55
FY 2024,MN,Minnesota,* State Total,* State Total,"* State Total, MN",State,Completer Apprentices,2012,42.13555104,41.66
FY 2024,IA,Iowa,* State Total,* State Total,"* State Total, IA",State,Completer Apprentices,1986,29.08063224,29.57
FY 2024,MA,Massachusetts,* State Total,* State Total,"* State Total, MA",State,Completer Apprentices,1717,36.73190037,37.61
FY 2024,CT,Connecticut,* State Total,* State Total,"* State Total, CT",State,Completer Apprentices,1661,28.15730395,24
FY 2024,NY,New York,* State Total,* State Total,"* State Total, NY",State,Completer Apprentices,1647,30.68300781,28.85
FY 2024,SC,South Carolina,* State Total,* State Total,"* State Total, SC",State,Completer Apprentices,1636,22.16963131,19.24
FY 2024,GA,Georgia,* State Total,* State Total,"* State Total, GA",State,Completer Apprentices,1339,28.06294959,28.45
FY 2024,NE,Nebraska,* State Total,* State Total,"* State Total, NE",State,Completer Apprentices,1077,23.69118199,21.25
FY 2024,AZ,Arizona,* State Total,* State Total,"* State Total, AZ",State,Completer Apprentices,1055,33.07429278,31.82
FY 2024,NV,Nevada,* State Total,* State Total,"* State Total, NV",State,Completer Apprentices,1044,41.52441994,40.36
FY 2024,CO,Colorado,* State Total,* State Total,"* State Total, CO",State,Completer Apprentices,1041,34.15200593,33.51
FY 2024,WV,West Virginia,* State Total,* State Total,"* State Total, WV",State,Completer Apprentices,868,26.92275362,29.45
FY 2024,ID,Idaho,* State Total,* State Total,"* State Total, ID",State,Completer Apprentices,865,25.76196005,20.36
FY 2024,UT,Utah,* State Total,* State Total,"* State Total, UT",State,Completer Apprentices,836,33.22178443,34.15
FY 2024,AR,Arkansas,* State Total,* State Total,"* State Total, AR",State,Completer Apprentices,795,25.01316147,22
FY 2024,MS,Mississippi,* State Total,* State Total,"* State Total, MS",State,Completer Apprentices,770,25.00034578,21.23
FY 2024,AL,Alabama,* State Total,* State Total,"* State Total, AL",State,Completer Apprentices,710,27.23043165,26.8
FY 2024,HI,Hawaii,* State Total,* State Total,"* State Total, HI",State,Completer Apprentices,615,46.67513866,48.99
FY 2024,LA,Louisiana,* State Total,* State Total,"* State Total, LA",State,Completer Apprentices,600,31.90978003,30.25
FY 2024,NH,New Hampshire,* State Total,* State Total,"* State Total, NH",State,Completer Apprentices,558,26.42520796,27.14
FY 2024,RI,Rhode Island,* State Total,* State Total,"* State Total, RI",State,Completer Apprentices,430,30.76165025,28
FY 2024,KS,Kansas,* State Total,* State Total,"* State Total, KS",State,Completer Apprentices,429,31.40100775,29.6
FY 2024,OK,Oklahoma,* State Total,* State Total,"* State Total, OK",State,Completer Apprentices,419,34.23040865,33.46
FY 2024,PR,Puerto Rico,* State Total,* State Total,"* State Total, PR",State,Completer Apprentices,393,19.17139949,13.19
FY 2024,NM,New Mexico,* State Total,* State Total,"* State Total, NM",State,Completer Apprentices,358,35.12438547,37.5
FY 2024,AK,Alaska,* State Total,* State Total,"* State Total, AK",State,Completer Apprentices,354,37.16210826,36
FY 2024,DC,District of Columbia,* State Total,* State Total,"* State Total, DC",State,Completer Apprentices,285,28.78353383,26.44
FY 2024,MT,Montana,* State Total,* State Total,"* State Total, MT",State,Completer Apprentices,284,32.8643662,32.995
FY 2024,ME,Maine,* State Total,* State Total,"* State Total, ME",State,Completer Apprentices,265,28.815,26
FY 2024,VT,Vermont,* State Total,* State Total,"* State Total, VT",State,Completer Apprentices,236,27.15891753,25
FY 2024,SD,South Dakota,* State Total,* State Total,"* State Total, SD",State,Completer Apprentices,210,30.4847619,25.93
FY 2024,Not Specified,Not Specified,* State Total,* State Total,"* State Total, Not Specified",State,Completer Apprentices,195,32.36139535,25
FY 2024,DE,Delaware,* State Total,* State Total,"* State Total, DE",State,Completer Apprentices,188,29.76988024,28
FY 2024,ND,North Dakota,* State Total,* State Total,"* State Total, ND",State,Completer Apprentices,180,38.32505556,33.25
FY 2024,WY,Wyoming,* State Total,* State Total,"* State Total, WY",State,Completer Apprentices,84,33.94506024,32.67
FY 2024,GU,Guam,* State Total,* State Total,"* State Total, GU",State,Completer Apprentices,83,20.20225806,18.84
FY 2023,USMAP,United Services Military Apprenticeship Program,* State Total,* State Total,"* State Total, USMAP",State,Active Apprentices,116382,-,-
FY 2023,CA,California,* State Total,* State Total,"* State Total, CA",State,Active Apprentices,78760,21.19497899,19.76
FY 2023,OH,Ohio,* State Total,* State Total,"* State Total, OH",State,Active Apprentices,23977,18.64983413,17
FY 2023,IN,Indiana,* State Total,* State Total,"* State Total, IN",State,Active Apprentices,22955,16.99122723,16.45
FY 2023,WA,Washington,* State Total,* State Total,"* State Total, WA",State,Active Apprentices,19607,23.75027522,22.075
FY 2023,MO,Missouri,* State Total,* State Total,"* State Total, MO",State,Active Apprentices,19184,19.82199941,18.83
FY 2023,MI,Michigan,* State Total,* State Total,"* State Total, MI",State,Active Apprentices,18633,19.7604239,17.54
FY 2023,PA,Pennsylvania,* State Total,* State Total,"* State Total, PA",State,Active Apprentices,17344,19.34243963,19.5
FY 2023,NY,New York,* State Total,* State Total,"* State Total, NY",State,Active Apprentices,16353,21.27113801,18.5
FY 2023,WI,Wisconsin,* State Total,* State Total,"* State Total, WI",State,Active Apprentices,13140,20.55503188,19.75
FY 2023,MN,Minnesota,* State Total,* State Total,"* State Total, MN",State,Active Apprentices,11835,24.42090008,24.41
FY 2023,VA,Virginia,* State Total,* State Total,"* State Total, VA",State,Active Apprentices,11356,16.08161452,15
FY 2023,TN,Tennessee,* State Total,* State Total,"* State Total, TN",State,Active Apprentices,11031,17.44307734,16.2
FY 2023,GA,Georgia,* State Total,* State Total,"* State Total, GA",State,Active Apprentices,10716,15.91202729,15
FY 2023,OR,Oregon,* State Total,* State Total,"* State Total, OR",State,Active Apprentices,10437,23.89599088,23.17
FY 2023,IA,Iowa,* State Total,* State Total,"* State Total, IA",State,Active Apprentices,9651,19.3183675,17
FY 2023,MA,Massachusetts,* State Total,* State Total,"* State Total, MA",State,Active Apprentices,9323,20.65907187,21
FY 2023,NJ,New Jersey,* State Total,* State Total,"* State Total, NJ",State,Active Apprentices,9095,21.63043992,20
FY 2023,AR,Arkansas,* State Total,* State Total,"* State Total, AR",State,Active Apprentices,8122,14.93820657,14
FY 2023,AZ,Arizona,* State Total,* State Total,"* State Total, AZ",State,Active Apprentices,6995,18.838812,17.7
FY 2023,CO,Colorado,* State Total,* State Total,"* State Total, CO",State,Active Apprentices,6760,20.54592448,19
FY 2023,CT,Connecticut,* State Total,* State Total,"* State Total, CT",State,Active Apprentices,6180,22.65863636,16.995
FY 2023,NV,Nevada,* State Total,* State Total,"* State Total, NV",State,Active Apprentices,6159,22.02486113,20.69
FY 2023,SC,South Carolina,* State Total,* State Total,"* State Total, SC",State,Active Apprentices,6117,18.15212975,16.715
FY 2023,HI,Hawaii,* State Total,* State Total,"* State Total, HI",State,Active Apprentices,6054,19.29289774,19.15
FY 2023,WV,West Virginia,* State Total,* State Total,"* State Total, WV",State,Active Apprentices,5344,15.13011733,14.57
FY 2023,UT,Utah,* State Total,* State Total,"* State Total, UT",State,Active Apprentices,4374,21.97555479,21
FY 2023,NE,Nebraska,* State Total,* State Total,"* State Total, NE",State,Active Apprentices,4288,16.77504204,16.66
FY 2023,LA,Louisiana,* State Total,* State Total,"* State Total, LA",State,Active Apprentices,4244,16.90240227,14.67
FY 2023,MS,Mississippi,* State Total,* State Total,"* State Total, MS",State,Active Apprentices,3940,18.02321789,16.72
FY 2023,ID,Idaho,* State Total,* State Total,"* State Total, ID",State,Active Apprentices,3462,17.37569934,15.47
FY 2023,AL,Alabama,* State Total,* State Total,"* State Total, AL",State,Active Apprentices,3449,16.9444699,16
FY 2023,NH,New Hampshire,* State Total,* State Total,"* State Total, NH",State,Active Apprentices,3064,18.40175163,18.55
FY 2023,NM,New Mexico,* State Total,* State Total,"* State Total, NM",State,Active Apprentices,2924,18.44149795,16.54
FY 2023,KS,Kansas,* State Total,* State Total,"* State Total, KS",State,Active Apprentices,2331,18.38789279,16.98
FY 2023,RI,Rhode Island,* State Total,* State Total,"* State Total, RI",State,Active Apprentices,2212,19.10506474,18
FY 2023,MT,Montana,* State Total,* State Total,"* State Total, MT",State,Active Apprentices,2103,19.38943414,18
FY 2023,AK,Alaska,* State Total,* State Total,"* State Total, AK",State,Active Apprentices,2022,22.09639263,21.27
FY 2023,OK,Oklahoma,* State Total,* State Total,"* State Total, OK",State,Active Apprentices,2021,20.27840761,18.33
FY 2023,DC,District of Columbia,* State Total,* State Total,"* State Total, DC",State,Active Apprentices,1793,20.97447079,17.88
FY 2023,DE,Delaware,* State Total,* State Total,"* State Total, DE",State,Active Apprentices,1576,17.72582447,17
FY 2023,VT,Vermont,* State Total,* State Total,"* State Total, VT",State,Active Apprentices,1404,18.49375473,17
FY 2023,SD,South Dakota,* State Total,* State Total,"* State Total, SD",State,Active Apprentices,1289,19.09901665,18.25
FY 2023,ME,Maine,* State Total,* State Total,"* State Total, ME",State,Active Apprentices,1229,18.56464467,17.59
FY 2023,ND,North Dakota,* State Total,* State Total,"* State Total, ND",State,Active Apprentices,1161,21.71963383,19
FY 2023,PR,Puerto Rico,* State Total,* State Total,"* State Total, PR",State,Active Apprentices,998,13.69887776,9.5
FY 2023,Not Specified,Not Specified,* State Total,* State Total,"* State Total, Not Specified",State,Active Apprentices,888,19.19496723,15
FY 2023,GU,Guam,* State Total,* State Total,"* State Total, GU",State,Active Apprentices,617,13.39908602,13
FY 2023,WY,Wyoming,* State Total,* State Total,"* State Total, WY",State,Active Apprentices,420,20.15090692,18
FY 2023,AS,American Samoa,* State Total,* State Total,"* State Total, AS",State,Active Apprentices,133,7.25,7.25
FY 2023,VI,US Virgin Islands,* State Total,* State Total,"* State Total, VI",State,Active Apprentices,36,14.66666667,15
FY 2023,MP,Northern Mariana Islands,* State Total,* State Total,"* State Total, MP",State,Active Apprentices,32,11.455625,10.25
FY 2023,USMAP,United Services Military Apprenticeship Program,* State Total,* State Total,"* State Total, USMAP",State,New Apprentices,64672,-,-
FY 2023,CA,California,* State Total,* State Total,"* State Total, CA",State,New Apprentices,32808,22.10944724,20.91
FY 2023,MO,Missouri,* State Total,* State Total,"* State Total, MO",State,New Apprentices,12022,20.46639757,19.79
FY 2023,IN,Indiana,* State Total,* State Total,"* State Total, IN",State,New Apprentices,10867,17.93886686,17.9
FY 2023,OH,Ohio,* State Total,* State Total,"* State Total, OH",State,New Apprentices,9746,19.73116388,18.84
FY 2023,WA,Washington,* State Total,* State Total,"* State Total, WA",State,New Apprentices,8224,23.65551682,21.3
FY 2023,TN,Tennessee,* State Total,* State Total,"* State Total, TN",State,New Apprentices,7226,18.23697486,17
FY 2023,MI,Michigan,* State Total,* State Total,"* State Total, MI",State,New Apprentices,7091,20.65835522,18.11
FY 2023,NY,New York,* State Total,* State Total,"* State Total, NY",State,New Apprentices,6167,21.81466667,19
FY 2023,IA,Iowa,* State Total,* State Total,"* State Total, IA",State,New Apprentices,5803,19.30476917,16.94
FY 2023,PA,Pennsylvania,* State Total,* State Total,"* State Total, PA",State,New Apprentices,5771,20.71856954,21.03
FY 2023,VA,Virginia,* State Total,* State Total,"* State Total, VA",State,New Apprentices,5597,16.76297317,15.5
FY 2023,WI,Wisconsin,* State Total,* State Total,"* State Total, WI",State,New Apprentices,5447,21.39757993,21.01
FY 2023,MN,Minnesota,* State Total,* State Total,"* State Total, MN",State,New Apprentices,4734,26.01565493,26.16
FY 2023,NJ,New Jersey,* State Total,* State Total,"* State Total, NJ",State,New Apprentices,4458,23.36351432,21.32
FY 2023,SC,South Carolina,* State Total,* State Total,"* State Total, SC",State,New Apprentices,4300,18.98479327,16.35
FY 2023,AZ,Arizona,* State Total,* State Total,"* State Total, AZ",State,New Apprentices,4150,19.08695187,18.21
FY 2023,CO,Colorado,* State Total,* State Total,"* State Total, CO",State,New Apprentices,3964,21.12314671,19.38
FY 2023,MS,Mississippi,* State Total,* State Total,"* State Total, MS",State,New Apprentices,3858,18.19130056,15.75
FY 2023,OR,Oregon,* State Total,* State Total,"* State Total, OR",State,New Apprentices,3841,24.01212298,23.17
FY 2023,CT,Connecticut,* State Total,* State Total,"* State Total, CT",State,New Apprentices,3673,22.62223684,0.12
FY 2023,NE,Nebraska,* State Total,* State Total,"* State Total, NE",State,New Apprentices,3639,16.42904496,16.66
FY 2023,GA,Georgia,* State Total,* State Total,"* State Total, GA",State,New Apprentices,3426,18.40486892,17.66
FY 2023,AR,Arkansas,* State Total,* State Total,"* State Total, AR",State,New Apprentices,3293,17.14795899,15
FY 2023,NV,Nevada,* State Total,* State Total,"* State Total, NV",State,New Apprentices,2984,23.14068029,21.6
FY 2023,MA,Massachusetts,* State Total,* State Total,"* State Total, MA",State,New Apprentices,2843,20.47081623,20.31
FY 2023,UT,Utah,* State Total,* State Total,"* State Total, UT",State,New Apprentices,2290,20.87138428,20.5
FY 2023,AL,Alabama,* State Total,* State Total,"* State Total, AL",State,New Apprentices,2180,17.41298829,16.6
FY 2023,ID,Idaho,* State Total,* State Total,"* State Total, ID",State,New Apprentices,2157,17.54620555,15.47
FY 2023,WV,West Virginia,* State Total,* State Total,"* State Total, WV",State,New Apprentices,1834,17.97245502,16.13
FY 2023,LA,Louisiana,* State Total,* State Total,"* State Total, LA",State,New Apprentices,1710,19.03515205,16.12
FY 2023,NM,New Mexico,* State Total,* State Total,"* State Total, NM",State,New Apprentices,1679,18.7206075,17.26
FY 2023,NH,New Hampshire,* State Total,* State Total,"* State Total, NH",State,New Apprentices,1531,18.968299,19.2
FY 2023,HI,Hawaii,* State Total,* State Total,"* State Total, HI",State,New Apprentices,1526,21.61860419,20.8
FY 2023,KS,Kansas,* State Total,* State Total,"* State Total, KS",State,New Apprentices,1140,18.99193548,18
FY 2023,RI,Rhode Island,* State Total,* State Total,"* State Total, RI",State,New Apprentices,1041,20.34004061,19.26
FY 2023,OK,Oklahoma,* State Total,* State Total,"* State Total, OK",State,New Apprentices,985,21.98688708,20.17
FY 2023,AK,Alaska,* State Total,* State Total,"* State Total, AK",State,New Apprentices,970,22.42358178,22
FY 2023,MT,Montana,* State Total,* State Total,"* State Total, MT",State,New Apprentices,949,21.07164384,20
FY 2023,SD,South Dakota,* State Total,* State Total,"* State Total, SD",State,New Apprentices,855,20.24847584,19.65
FY 2023,VT,Vermont,* State Total,* State Total,"* State Total, VT",State,New Apprentices,793,18.48504854,18
FY 2023,PR,Puerto Rico,* State Total,* State Total,"* State Total, PR",State,New Apprentices,791,13.94524652,9.5
FY 2023,ME,Maine,* State Total,* State Total,"* State Total, ME",State,New Apprentices,753,19.82927864,18
FY 2023,DC,District of Columbia,* State Total,* State Total,"* State Total, DC",State,New Apprentices,722,24.16485584,21
FY 2023,DE,Delaware,* State Total,* State Total,"* State Total, DE",State,New Apprentices,619,18.85413081,18
FY 2023,ND,North Dakota,* State Total,* State Total,"* State Total, ND",State,New Apprentices,489,22.5600409,20
FY 2023,Not Specified,Not Specified,* State Total,* State Total,"* State Total, Not Specified",State,New Apprentices,356,19.03,18.74
FY 2023,GU,Guam,* State Total,* State Total,"* State Total, GU",State,New Apprentices,292,12.48558219,12
FY 2023,WY,Wyoming,* State Total,* State Total,"* State Total, WY",State,New Apprentices,205,22.01876847,20
FY 2023,MP,Northern Mariana Islands,* State Total,* State Total,"* State Total, MP",State,New Apprentices,35,11.266,10.25
FY 2023,VI,US Virgin Islands,* State Total,* State Total,"* State Total, VI",State,New Apprentices,28,14.625,15
FY 2023,USMAP,United Services Military Apprenticeship Program,* State Total,* State Total,"* State Total, USMAP",State,Completer Apprentices,19777,-,-
FY 2023,CA,California,* State Total,* State Total,"* State Total, CA",State,Completer Apprentices,14911,39.86245342,38.27
FY 2023,WA,Washington,* State Total,* State Total,"* State Total, WA",State,Completer Apprentices,3854,35.67682243,34.34
FY 2023,MO,Missouri,* State Total,* State Total,"* State Total, MO",State,Completer Apprentices,3658,31.36323759,30.29
FY 2023,OH,Ohio,* State Total,* State Total,"* State Total, OH",State,Completer Apprentices,3611,33.23877467,33
FY 2023,SC,South Carolina,* State Total,* State Total,"* State Total, SC",State,Completer Apprentices,3337,22.53593596,21
FY 2023,IN,Indiana,* State Total,* State Total,"* State Total, IN",State,Completer Apprentices,3327,28.97856725,27.4
FY 2023,PA,Pennsylvania,* State Total,* State Total,"* State Total, PA",State,Completer Apprentices,3085,36.87188422,36.69
FY 2023,MI,Michigan,* State Total,* State Total,"* State Total, MI",State,Completer Apprentices,2793,30.65340876,31.25
FY 2023,NY,New York,* State Total,* State Total,"* State Total, NY",State,Completer Apprentices,2537,32.4114135,35
FY 2023,WI,Wisconsin,* State Total,* State Total,"* State Total, WI",State,Completer Apprentices,2449,34.08157477,36.8
FY 2023,OR,Oregon,* State Total,* State Total,"* State Total, OR",State,Completer Apprentices,2258,46.52500902,45.8
FY 2023,VA,Virginia,* State Total,* State Total,"* State Total, VA",State,Completer Apprentices,2129,22.7736302,22
FY 2023,NJ,New Jersey,* State Total,* State Total,"* State Total, NJ",State,Completer Apprentices,2089,37.88082765,36.75
FY 2023,IA,Iowa,* State Total,* State Total,"* State Total, IA",State,Completer Apprentices,1927,29.98056039,30
FY 2023,MA,Massachusetts,* State Total,* State Total,"* State Total, MA",State,Completer Apprentices,1868,36.79160542,36.25
FY 2023,MN,Minnesota,* State Total,* State Total,"* State Total, MN",State,Completer Apprentices,1788,40.13096386,39.29
FY 2023,CT,Connecticut,* State Total,* State Total,"* State Total, CT",State,Completer Apprentices,1643,26.93051047,22
FY 2023,TN,Tennessee,* State Total,* State Total,"* State Total, TN",State,Completer Apprentices,1339,28.607991,28.85
FY 2023,GA,Georgia,* State Total,* State Total,"* State Total, GA",State,Completer Apprentices,1188,28.01890306,27.13
FY 2023,NV,Nevada,* State Total,* State Total,"* State Total, NV",State,Completer Apprentices,1107,38.96365699,37.8
FY 2023,CO,Colorado,* State Total,* State Total,"* State Total, CO",State,Completer Apprentices,1014,33.07293086,32.13
FY 2023,AZ,Arizona,* State Total,* State Total,"* State Total, AZ",State,Completer Apprentices,1009,32.50496933,30
FY 2023,HI,Hawaii,* State Total,* State Total,"* State Total, HI",State,Completer Apprentices,941,39.78034483,40
FY 2023,AR,Arkansas,* State Total,* State Total,"* State Total, AR",State,Completer Apprentices,881,23.63623656,22
FY 2023,UT,Utah,* State Total,* State Total,"* State Total, UT",State,Completer Apprentices,845,31.68895735,31.68
FY 2023,WV,West Virginia,* State Total,* State Total,"* State Total, WV",State,Completer Apprentices,844,26.1946398,28.97
FY 2023,MS,Mississippi,* State Total,* State Total,"* State Total, MS",State,Completer Apprentices,710,26.40756637,21.5
FY 2023,ID,Idaho,* State Total,* State Total,"* State Total, ID",State,Completer Apprentices,597,25.62940068,22.42
FY 2023,NE,Nebraska,* State Total,* State Total,"* State Total, NE",State,Completer Apprentices,585,27.37964602,24.5
FY 2023,AL,Alabama,* State Total,* State Total,"* State Total, AL",State,Completer Apprentices,578,28.1270483,28
FY 2023,NH,New Hampshire,* State Total,* State Total,"* State Total, NH",State,Completer Apprentices,569,26.21452381,27.96
FY 2023,RI,Rhode Island,* State Total,* State Total,"* State Total, RI",State,Completer Apprentices,554,30.13836777,28.35
FY 2023,LA,Louisiana,* State Total,* State Total,"* State Total, LA",State,Completer Apprentices,486,25.29890041,25.65
FY 2023,KS,Kansas,* State Total,* State Total,"* State Total, KS",State,Completer Apprentices,411,31.68858357,31
FY 2023,PR,Puerto Rico,* State Total,* State Total,"* State Total, PR",State,Completer Apprentices,357,19.95742297,12.1
FY 2023,AK,Alaska,* State Total,* State Total,"* State Total, AK",State,Completer Apprentices,331,34.66427692,36
FY 2023,OK,Oklahoma,* State Total,* State Total,"* State Total, OK",State,Completer Apprentices,304,33.2884,31.61
FY 2023,NM,New Mexico,* State Total,* State Total,"* State Total, NM",State,Completer Apprentices,295,34.87688136,35.76
FY 2023,MT,Montana,* State Total,* State Total,"* State Total, MT",State,Completer Apprentices,293,32.22723549,31.05
FY 2023,DC,District of Columbia,* State Total,* State Total,"* State Total, DC",State,Completer Apprentices,292,24.86715789,21.985
FY 2023,DE,Delaware,* State Total,* State Total,"* State Total, DE",State,Completer Apprentices,245,28.65430493,26
FY 2023,VT,Vermont,* State Total,* State Total,"* State Total, VT",State,Completer Apprentices,224,25.66965909,23.365
FY 2023,ME,Maine,* State Total,* State Total,"* State Total, ME",State,Completer Apprentices,199,27.41411765,26.5
FY 2023,SD,South Dakota,* State Total,* State Total,"* State Total, SD",State,Completer Apprentices,163,29.41108844,25
FY 2023,ND,North Dakota,* State Total,* State Total,"* State Total, ND",State,Completer Apprentices,147,36.79517007,35
FY 2023,Not Specified,Not Specified,* State Total,* State Total,"* State Total, Not Specified",State,Completer Apprentices,141,30.98905983,30.6
FY 2023,WY,Wyoming,* State Total,* State Total,"* State Total, WY",State,Completer Apprentices,83,34.40345679,32.08
FY 2023,GU,Guam,* State Total,* State Total,"* State Total, GU",State,Completer Apprentices,66,21.86939394,21.69
FY 2023,VI,US Virgin Islands,* State Total,* State Total,"* State Total, VI",State,Completer Apprentices,8,20,19.25
FY 2022,USMAP,United Services Military Apprenticeship Program,* State Total,* State Total,"* State Total, USMAP",State,Active Apprentices,109864,,
FY 2022,CA,California,* State Total,* State Total,"* State Total, CA",State,Active Apprentices,75719,20.68001397,18.94
FY 2022,OH,Ohio,* State Total,* State Total,"* State Total, OH",State,Active Apprentices,23719,17.98764859,16.17
FY 2022,IN,Indiana,* State Total,* State Total,"* State Total, IN",State,Active Apprentices,22524,16.51678637,16
FY 2022,WA,Washington,* State Total,* State Total,"* State Total, WA",State,Active Apprentices,18355,23.58467635,22.16
FY 2022,MI,Michigan,* State Total,* State Total,"* State Total, MI",State,Active Apprentices,17973,18.75785193,17
FY 2022,PA,Pennsylvania,* State Total,* State Total,"* State Total, PA",State,Active Apprentices,17256,18.59560874,18.58
FY 2022,MO,Missouri,* State Total,* State Total,"* State Total, MO",State,Active Apprentices,16706,18.85492041,17.72
FY 2022,NY,New York,* State Total,* State Total,"* State Total, NY",State,Active Apprentices,15499,19.71725586,16.55
FY 2022,GA,Georgia,* State Total,* State Total,"* State Total, GA",State,Active Apprentices,12247,14.85326459,14.25
FY 2022,WI,Wisconsin,* State Total,* State Total,"* State Total, WI",State,Active Apprentices,12066,19.28856494,18
FY 2022,VA,Virginia,* State Total,* State Total,"* State Total, VA",State,Active Apprentices,11553,14.96927718,14.38
FY 2022,MN,Minnesota,* State Total,* State Total,"* State Total, MN",State,Active Apprentices,11205,23.33185461,22.57
FY 2022,OR,Oregon,* State Total,* State Total,"* State Total, OR",State,Active Apprentices,10596,24.04190058,23.17
FY 2022,MA,Massachusetts,* State Total,* State Total,"* State Total, MA",State,Active Apprentices,9564,20.29185892,20.04
FY 2022,IA,Iowa,* State Total,* State Total,"* State Total, IA",State,Active Apprentices,8794,18.7068953,16.25
FY 2022,NJ,New Jersey,* State Total,* State Total,"* State Total, NJ",State,Active Apprentices,8306,20.5972927,18.91
FY 2022,SC,South Carolina,* State Total,* State Total,"* State Total, SC",State,Active Apprentices,7512,16.63133487,15.86
FY 2022,AR,Arkansas,* State Total,* State Total,"* State Total, AR",State,Active Apprentices,7386,13.98659738,12
FY 2022,TN,Tennessee,* State Total,* State Total,"* State Total, TN",State,Active Apprentices,7226,16.33173955,15.29
FY 2022,HI,Hawaii,* State Total,* State Total,"* State Total, HI",State,Active Apprentices,6560,18.63096661,18.36
FY 2022,CT,Connecticut,* State Total,* State Total,"* State Total, CT",State,Active Apprentices,5914,22.00696,17.55
FY 2022,CO,Colorado,* State Total,* State Total,"* State Total, CO",State,Active Apprentices,5616,19.59379636,17.97
FY 2022,WV,West Virginia,* State Total,* State Total,"* State Total, WV",State,Active Apprentices,5608,14.99529973,13.94
FY 2022,AZ,Arizona,* State Total,* State Total,"* State Total, AZ",State,Active Apprentices,5582,18.26474687,17.15
FY 2022,NV,Nevada,* State Total,* State Total,"* State Total, NV",State,Active Apprentices,5194,20.99851638,19.73
FY 2022,UT,Utah,* State Total,* State Total,"* State Total, UT",State,Active Apprentices,4225,20.94308683,20
FY 2022,NE,Nebraska,* State Total,* State Total,"* State Total, NE",State,Active Apprentices,4033,14.23302669,10.7
FY 2022,LA,Louisiana,* State Total,* State Total,"* State Total, LA",State,Active Apprentices,3913,16.21711568,14.13
FY 2022,ID,Idaho,* State Total,* State Total,"* State Total, ID",State,Active Apprentices,2912,17.16193322,15.47
FY 2022,NH,New Hampshire,* State Total,* State Total,"* State Total, NH",State,Active Apprentices,2850,17.72741251,18.17
FY 2022,MS,Mississippi,* State Total,* State Total,"* State Total, MS",State,Active Apprentices,2803,16.91922965,15.73
FY 2022,DC,District of Columbia,* State Total,* State Total,"* State Total, DC",State,Active Apprentices,2719,18.08959821,17
FY 2022,AL,Alabama,* State Total,* State Total,"* State Total, AL",State,Active Apprentices,2713,16.02543617,15.06
FY 2022,NM,New Mexico,* State Total,* State Total,"* State Total, NM",State,Active Apprentices,2365,17.74287949,15.84
FY 2022,RI,Rhode Island,* State Total,* State Total,"* State Total, RI",State,Active Apprentices,2193,18.02561574,17
FY 2022,KS,Kansas,* State Total,* State Total,"* State Total, KS",State,Active Apprentices,2145,17.86001577,16
FY 2022,AK,Alaska,* State Total,* State Total,"* State Total, AK",State,Active Apprentices,1944,21.39881435,20.82
FY 2022,MT,Montana,* State Total,* State Total,"* State Total, MT",State,Active Apprentices,1888,18.23554555,16.96
FY 2022,OK,Oklahoma,* State Total,* State Total,"* State Total, OK",State,Active Apprentices,1678,19.11177039,17.44
FY 2022,DE,Delaware,* State Total,* State Total,"* State Total, DE",State,Active Apprentices,1557,16.92594223,16
FY 2022,ND,North Dakota,* State Total,* State Total,"* State Total, ND",State,Active Apprentices,1065,21.50338725,18.32
FY 2022,VT,Vermont,* State Total,* State Total,"* State Total, VT",State,Active Apprentices,1064,18.13217617,17
FY 2022,ME,Maine,* State Total,* State Total,"* State Total, ME",State,Active Apprentices,976,17.9704937,16.63
FY 2022,SD,South Dakota,* State Total,* State Total,"* State Total, SD",State,Active Apprentices,915,18.09175615,17.01
FY 2022,PR,Puerto Rico,* State Total,* State Total,"* State Total, PR",State,Active Apprentices,775,14.55487742,9.42
FY 2022,Not Specified,Not Specified,* State Total,* State Total,"* State Total, Not Specified",State,Active Apprentices,769,19.23518405,15
FY 2022,GU,Guam,* State Total,* State Total,"* State Total, GU",State,Active Apprentices,570,13.72812375,13.44
FY 2022,WY,Wyoming,* State Total,* State Total,"* State Total, WY",State,Active Apprentices,391,19.05253197,16.98
FY 2022,AS,American Samoa,* State Total,* State Total,"* State Total, AS",State,Active Apprentices,138,7.318623188,7.25
FY 2022,VI,US Virgin Islands,* State Total,* State Total,"* State Total, VI",State,Active Apprentices,23,16.2826087,15
FY 2022,MP,Northern Mariana Islands,* State Total,* State Total,"* State Total, MP",State,Active Apprentices,2,9,9
FY 2022,USMAP,United Services Military Apprenticeship Program,* State Total,* State Total,"* State Total, USMAP",State,New Apprentices,57224,-,-
FY 2022,CA,California,* State Total,* State Total,"* State Total, CA",State,New Apprentices,30402,20.83832534,18.84
FY 2022,MO,Missouri,* State Total,* State Total,"* State Total, MO",State,New Apprentices,11171,19.52836414,18.255
FY 2022,IN,Indiana,* State Total,* State Total,"* State Total, IN",State,New Apprentices,10689,17.33869192,16
FY 2022,OH,Ohio,* State Total,* State Total,"* State Total, OH",State,New Apprentices,9786,19.02649896,17.2
FY 2022,WA,Washington,* State Total,* State Total,"* State Total, WA",State,New Apprentices,8499,24.66776282,23
FY 2022,MI,Michigan,* State Total,* State Total,"* State Total, MI",State,New Apprentices,6633,19.7804551,17.54
FY 2022,NY,New York,* State Total,* State Total,"* State Total, NY",State,New Apprentices,5725,19.99755835,17
FY 2022,WI,Wisconsin,* State Total,* State Total,"* State Total, WI",State,New Apprentices,5298,18.5233842,18
FY 2022,VA,Virginia,* State Total,* State Total,"* State Total, VA",State,New Apprentices,5278,15.7667399,14.77
FY 2022,IA,Iowa,* State Total,* State Total,"* State Total, IA",State,New Apprentices,5129,18.82731066,16
FY 2022,PA,Pennsylvania,* State Total,* State Total,"* State Total, PA",State,New Apprentices,5018,19.90882848,20
FY 2022,GA,Georgia,* State Total,* State Total,"* State Total, GA",State,New Apprentices,4675,16.0593529,15.99
FY 2022,SC,South Carolina,* State Total,* State Total,"* State Total, SC",State,New Apprentices,4421,16.81685694,16
FY 2022,OR,Oregon,* State Total,* State Total,"* State Total, OR",State,New Apprentices,4118,24.08322004,23.17
FY 2022,TN,Tennessee,* State Total,* State Total,"* State Total, TN",State,New Apprentices,3998,16.9560961,16
FY 2022,MN,Minnesota,* State Total,* State Total,"* State Total, MN",State,New Apprentices,3856,24.4428103,24.41
FY 2022,NE,Nebraska,* State Total,* State Total,"* State Total, NE",State,New Apprentices,3662,12.38639901,10.7
FY 2022,NJ,New Jersey,* State Total,* State Total,"* State Total, NJ",State,New Apprentices,3606,21.99119021,20
FY 2022,CT,Connecticut,* State Total,* State Total,"* State Total, CT",State,New Apprentices,3470,20.53885714,0.12
FY 2022,AZ,Arizona,* State Total,* State Total,"* State Total, AZ",State,New Apprentices,3190,18.48865354,17.6
FY 2022,CO,Colorado,* State Total,* State Total,"* State Total, CO",State,New Apprentices,3188,20.39864698,18.665
FY 2022,AR,Arkansas,* State Total,* State Total,"* State Total, AR",State,New Apprentices,2893,15.95325327,15
FY 2022,MS,Mississippi,* State Total,* State Total,"* State Total, MS",State,New Apprentices,2764,17.32817575,15.75
FY 2022,MA,Massachusetts,* State Total,* State Total,"* State Total, MA",State,New Apprentices,2390,20.4013572,20.26
FY 2022,NV,Nevada,* State Total,* State Total,"* State Total, NV",State,New Apprentices,2183,22.27141548,21.14
FY 2022,UT,Utah,* State Total,* State Total,"* State Total, UT",State,New Apprentices,1860,21.02388798,20.27
FY 2022,WV,West Virginia,* State Total,* State Total,"* State Total, WV",State,New Apprentices,1859,17.92742484,16
FY 2022,DC,District of Columbia,* State Total,* State Total,"* State Total, DC",State,New Apprentices,1655,19.61670581,17.5
FY 2022,AL,Alabama,* State Total,* State Total,"* State Total, AL",State,New Apprentices,1499,16.16825581,16
FY 2022,ID,Idaho,* State Total,* State Total,"* State Total, ID",State,New Apprentices,1465,17.44814316,15.47
FY 2022,LA,Louisiana,* State Total,* State Total,"* State Total, LA",State,New Apprentices,1429,16.61683731,14.71
FY 2022,NM,New Mexico,* State Total,* State Total,"* State Total, NM",State,New Apprentices,1393,18.7416224,16.3
FY 2022,NH,New Hampshire,* State Total,* State Total,"* State Total, NH",State,New Apprentices,1351,18.20280934,18
FY 2022,HI,Hawaii,* State Total,* State Total,"* State Total, HI",State,New Apprentices,1282,20.54053822,20.5
FY 2022,KS,Kansas,* State Total,* State Total,"* State Total, KS",State,New Apprentices,1072,18.08432099,16.6
FY 2022,AK,Alaska,* State Total,* State Total,"* State Total, AK",State,New Apprentices,1017,22.03279644,21
FY 2022,RI,Rhode Island,* State Total,* State Total,"* State Total, RI",State,New Apprentices,943,18.7644469,18
FY 2022,MT,Montana,* State Total,* State Total,"* State Total, MT",State,New Apprentices,866,19.98353349,18.5
FY 2022,DE,Delaware,* State Total,* State Total,"* State Total, DE",State,New Apprentices,660,18.04162975,17
FY 2022,OK,Oklahoma,* State Total,* State Total,"* State Total, OK",State,New Apprentices,626,21.405856,19.6
FY 2022,SD,South Dakota,* State Total,* State Total,"* State Total, SD",State,New Apprentices,611,18.95100352,18
FY 2022,VT,Vermont,* State Total,* State Total,"* State Total, VT",State,New Apprentices,570,18.80264706,18
FY 2022,ND,North Dakota,* State Total,* State Total,"* State Total, ND",State,New Apprentices,463,23.01406048,19
FY 2022,ME,Maine,* State Total,* State Total,"* State Total, ME",State,New Apprentices,455,19.24666667,17.75
FY 2022,PR,Puerto Rico,* State Total,* State Total,"* State Total, PR",State,New Apprentices,427,17.55367681,14.68
FY 2022,Not Specified,Not Specified,* State Total,* State Total,"* State Total, Not Specified",State,New Apprentices,299,19.11836364,15
FY 2022,GU,Guam,* State Total,* State Total,"* State Total, GU",State,New Apprentices,232,12.2712037,12
FY 2022,WY,Wyoming,* State Total,* State Total,"* State Total, WY",State,New Apprentices,160,19.6163522,18
FY 2022,AS,American Samoa,* State Total,* State Total,"* State Total, AS",State,New Apprentices,133,7.25,7.25
FY 2022,VI,US Virgin Islands,* State Total,* State Total,"* State Total, VI",State,New Apprentices,15,14.56666667,15
FY 2022,USMAP,United Services Military Apprenticeship Program,* State Total,* State Total,"* State Total, USMAP",State,Completer Apprentices,18588,-,-
FY 2022,CA,California,* State Total,* State Total,"* State Total, CA",State,Completer Apprentices,13720,38.46365777,35.9
FY 2022,WA,Washington,* State Total,* State Total,"* State Total, WA",State,Completer Apprentices,4113,34.97444527,32.2
FY 2022,OH,Ohio,* State Total,* State Total,"* State Total, OH",State,Completer Apprentices,3486,32.7069606,32.39
FY 2022,MO,Missouri,* State Total,* State Total,"* State Total, MO",State,Completer Apprentices,3218,31.65482677,29.69
FY 2022,IN,Indiana,* State Total,* State Total,"* State Total, IN",State,Completer Apprentices,3067,28.95018366,26.89
FY 2022,NY,New York,* State Total,* State Total,"* State Total, NY",State,Completer Apprentices,3004,22.8462877,19.8
FY 2022,MI,Michigan,* State Total,* State Total,"* State Total, MI",State,Completer Apprentices,3002,29.48877175,29.68
FY 2022,PA,Pennsylvania,* State Total,* State Total,"* State Total, PA",State,Completer Apprentices,2942,35.48718921,36.23
FY 2022,WI,Wisconsin,* State Total,* State Total,"* State Total, WI",State,Completer Apprentices,2254,32.77755139,34.72
FY 2022,OR,Oregon,* State Total,* State Total,"* State Total, OR",State,Completer Apprentices,2244,45.95260929,45.8
FY 2022,VA,Virginia,* State Total,* State Total,"* State Total, VA",State,Completer Apprentices,1990,22.41446752,22
FY 2022,SC,South Carolina,* State Total,* State Total,"* State Total, SC",State,Completer Apprentices,1932,24.43024242,22
FY 2022,IA,Iowa,* State Total,* State Total,"* State Total, IA",State,Completer Apprentices,1747,29.29971411,28
FY 2022,MN,Minnesota,* State Total,* State Total,"* State Total, MN",State,Completer Apprentices,1735,36.10632219,35.13
FY 2022,NJ,New Jersey,* State Total,* State Total,"* State Total, NJ",State,Completer Apprentices,1705,39.65497114,38.24
FY 2022,GA,Georgia,* State Total,* State Total,"* State Total, GA",State,Completer Apprentices,1685,27.04012255,28.09
FY 2022,MA,Massachusetts,* State Total,* State Total,"* State Total, MA",State,Completer Apprentices,1626,41.71656687,43.54
FY 2022,CT,Connecticut,* State Total,* State Total,"* State Total, CT",State,Completer Apprentices,1568,27.6825614,22.5
FY 2022,DC,District of Columbia,* State Total,* State Total,"* State Total, DC",State,Completer Apprentices,1281,23.2293528,20
FY 2022,TN,Tennessee,* State Total,* State Total,"* State Total, TN",State,Completer Apprentices,1195,26.6080111,25.53
FY 2022,CO,Colorado,* State Total,* State Total,"* State Total, CO",State,Completer Apprentices,1051,32.47370629,30.31
FY 2022,AZ,Arizona,* State Total,* State Total,"* State Total, AZ",State,Completer Apprentices,946,31.85334061,30.44
FY 2022,NV,Nevada,* State Total,* State Total,"* State Total, NV",State,Completer Apprentices,941,39.00560345,42.22
FY 2022,UT,Utah,* State Total,* State Total,"* State Total, UT",State,Completer Apprentices,792,32.21220382,33
FY 2022,HI,Hawaii,* State Total,* State Total,"* State Total, HI",State,Completer Apprentices,765,41.90309804,44.21
FY 2022,AR,Arkansas,* State Total,* State Total,"* State Total, AR",State,Completer Apprentices,735,23.17521429,20.665
FY 2022,WV,West Virginia,* State Total,* State Total,"* State Total, WV",State,Completer Apprentices,682,25.79409023,28.97
FY 2022,ID,Idaho,* State Total,* State Total,"* State Total, ID",State,Completer Apprentices,613,25.08422339,24.11
FY 2022,NH,New Hampshire,* State Total,* State Total,"* State Total, NH",State,Completer Apprentices,608,24.71447279,26.77
FY 2022,NE,Nebraska,* State Total,* State Total,"* State Total, NE",State,Completer Apprentices,531,25.58490722,23.73
FY 2022,AL,Alabama,* State Total,* State Total,"* State Total, AL",State,Completer Apprentices,514,25.27076605,25.43
FY 2022,MS,Mississippi,* State Total,* State Total,"* State Total, MS",State,Completer Apprentices,507,26.79085106,25.11
FY 2022,RI,Rhode Island,* State Total,* State Total,"* State Total, RI",State,Completer Apprentices,444,26.97720657,25
FY 2022,LA,Louisiana,* State Total,* State Total,"* State Total, LA",State,Completer Apprentices,392,22.0339433,22
FY 2022,OK,Oklahoma,* State Total,* State Total,"* State Total, OK",State,Completer Apprentices,379,31.75980609,31.61
FY 2022,KS,Kansas,* State Total,* State Total,"* State Total, KS",State,Completer Apprentices,370,28.79739812,30
FY 2022,NM,New Mexico,* State Total,* State Total,"* State Total, NM",State,Completer Apprentices,336,33.52672619,33.75
FY 2022,AK,Alaska,* State Total,* State Total,"* State Total, AK",State,Completer Apprentices,286,34.18038869,35.975
FY 2022,MT,Montana,* State Total,* State Total,"* State Total, MT",State,Completer Apprentices,283,30.29483755,30
FY 2022,DE,Delaware,* State Total,* State Total,"* State Total, DE",State,Completer Apprentices,230,28.41331776,25.01
FY 2022,VT,Vermont,* State Total,* State Total,"* State Total, VT",State,Completer Apprentices,172,25.48480519,22.16
FY 2022,Not Specified,Not Specified,* State Total,* State Total,"* State Total, Not Specified",State,Completer Apprentices,164,31.13275862,30
FY 2022,SD,South Dakota,* State Total,* State Total,"* State Total, SD",State,Completer Apprentices,162,27.38920863,22.275
FY 2022,ME,Maine,* State Total,* State Total,"* State Total, ME",State,Completer Apprentices,152,27.33161765,27.88
FY 2022,ND,North Dakota,* State Total,* State Total,"* State Total, ND",State,Completer Apprentices,142,37.18197183,37.57
FY 2022,WY,Wyoming,* State Total,* State Total,"* State Total, WY",State,Completer Apprentices,68,33.11970149,30.615
FY 2022,GU,Guam,* State Total,* State Total,"* State Total, GU",State,Completer Apprentices,31,17.72633333,18.05
FY 2022,PR,Puerto Rico,* State Total,* State Total,"* State Total, PR",State,Completer Apprentices,28,9.335714286,7.5
FY 2022,VI,US Virgin Islands,* State Total,* State Total,"* State Total, VI",State,Completer Apprentices,1,25,25